param,name,side,desc
p_179199_1_,enable,0,
p_212713_0_,source,0,
p_212713_1_,position,0,
p_212719_0_,source,0,
p_212719_1_,position1,0,
p_212719_2_,position2,0,
p_212719_3_,isAdd,0,
p_212720_1_,chunkLong,0,
p_212721_0_,source,0,
p_212722_0_,source,0,
p_213132_2_,te,0,
p_213134_1_,type,0,
p_218101_0_,context,0,
p_218101_1_,argumentName,0,
p_218744_0_,x,0,
p_218744_2_,y,0,
p_218744_4_,z,0,
p_219236_3_,statusRequestor,0,
p_222581_0_,range,0,
p_225322_1_,destination,0,
p_225389_0_,source,0,
p_225554_1_,stateHolder,0,
p_225554_2_,property,0,
p_225590_1_,offset,0,
p_225590_2_,value,0,
p_226114_1_,source,0,
p_226172_0_,initialCapacity,0,
p_226182_1_,key,0,
p_227181_1_,state,0,
p_227182_1_,stateContainer,0,
p_227182_2_,holder,0,
p_227183_1_,container,0,
p_227183_2_,handler,0,
p_227185_1_,state,0,
p_227188_0_,key,0,
p_227188_1_,value,0,
p_227192_1_,property,0,
p_227192_2_,value,0,
p_227193_1_,property,0,
p_227193_2_,value,0,
p_227194_1_,property,0,
p_227194_2_,value,0,
p_227195_1_,property,0,
p_227195_2_,value,0,
p_227199_1_,container,0,
p_227199_2_,holder,0,
p_227200_1_,stateContainer,0,
p_227200_2_,handler,0,
p_227567_1_,states,0,
p_227614_0_,size,0,
p_227616_0_,texNum,0,
p_227620_0_,lightNum,0,
p_227638_0_,light,0,
p_227639_0_,alphaFunc,0,
p_227639_1_,ref,0,
p_227643_0_,target,0,
p_227643_1_,paramName,0,
p_227643_2_,paramValue,0,
p_227663_0_,texGen,0,
p_227663_1_,value,0,
p_227668_0_,red,0,
p_227668_1_,green,0,
p_227668_2_,blue,0,
p_227668_3_,alpha,0,
p_227676_0_,sFactor,0,
p_227676_1_,dFactor,0,
p_227706_0_,sFactorRGB,0,
p_227706_1_,dFactorRGB,0,
p_227706_2_,sFactoryAlpha,0,
p_227706_3_,dFactorAlpha,0,
p_227864_0_,destination,0,
p_228548_0_,scale,0,
p_228631_1_,buffer,0,
p_228631_2_,cameraX,0,
p_228631_3_,cameraY,0,
p_228631_4_,cameraZ,0,
p_228853_0_,tileBeingRendered,0,
p_228853_1_,task,0,
p_229187_1_,angle,0,
p_229193_1_,angle,0,
p_i225694_1_,source,0,
p_i225695_1_,source,0,
p_i225696_1_,sourceQuat,0,
p_i225697_1_,initialCapacity,0,
p_i225793_1_,propName,0,
p_i225794_1_,propertyName,0,
p_i225794_2_,minimumIn,0,
p_i225794_3_,maximumIn,0,
p_i225973_1_,nameIn,0,
p_i225973_2_,enableFuncIn,0,
p_i225973_3_,disableFuncIn,0,
p_i225988_2_,blurIn,0,
p_i225988_3_,mipmapIn,0,
p_i225991_1_,colorMaskState,0,
p_i225991_2_,depthMaskState,0,
p_i225993_7_,renderStateIn,0,
p_i48105_1_,source,0,
p_i50871_1_,target,0,
p_i51412_1_,source,0,
